Workbook

Sheet Como preencher
A1: Planilha antes x depois – Verificador de EPIs de Solda (Etapa 2.7)
A2: Compara o setor de solda ANTES e DEPOIS do sistema (e da palestra de conscientização), semana a semana.
A4: 1. Na aba Semanas, preencha uma linha por semana. Só as células AMARELAS são para digitar; o resto é fórmula.
A5: 2. Coluna Fase: escolha Antes (piloto em observação: câmeras ligadas, sem alertas e sem cobrança) ou Depois
A6: (sistema em uso, alertas ligados e palestra feita).
A7: 3. De onde vêm os números (no sistema, tela Painel, filtrando a semana e o posto):
A8: - Horas de câmera ligada: tempo em que o posto ficou online na semana (anote ou estime pelo cordão do turno).
A9: - Ocorrências, confirmadas, falsos positivos: telas Ocorrências e Painel.
A10: - Conformidade da máscara (%) e indeterminado (%): cartão Conformidade do Painel.
A11: - Com arco aceso: nota no fim do Painel.
A12: 4. Observação manual (opcional, recomendada): o técnico de segurança observa o posto em horários sorteados e
A13: anota quantos soldadores viu e quantos estavam sem máscara. Serve para conferir o sistema.
... A19: Cor das células para digitar:

Sheet Semanas
A1: Semana (início) | B1: Fase | C1: Posto | D1: Horas de câmera ligada | E1: Ocorrências | F1: Confirmadas | G1: Falsos positivos | H1: Conformidade da máscara (%) | I1: Indeterminado (%) | J1: Com arco aceso | K1: Soldadores observados (manual) | L1: Sem máscara observados (manual) | M1: Ocorrências por 100 h
A2: 06/04/2027 | B2: EXEMPLO | C2: MIG 01 | D2: 40 | E2: 12 | F2: 9 | G2: 2 | H2: 0.81 | I2: 0.18 | J2: 4 | K2: 30 | L2: 3 | M2: =IF(N(D2)>0,E2/D2*100,"") -> 30
M3: =IF(N(D3)>0,E3/D3*100,"")
M4: =IF(N(D4)>0,E4/D4*100,"")
M5: =IF(N(D5)>0,E5/D5*100,"")
M6: =IF(N(D6)>0,E6/D6*100,"")
M7: =IF(N(D7)>0,E7/D7*100,"")
M8: =IF(N(D8)>0,E8/D8*100,"")
M9: =IF(N(D9)>0,E9/D9*100,"")
M10: =IF(N(D10)>0,E10/D10*100,"")
M11: =IF(N(D11)>0,E11/D11*100,"")
M12: =IF(N(D12)>0,E12/D12*100,"")
M13: =IF(N(D13)>0,E13/D13*100,"")
M14: =IF(N(D14)>0,E14/D14*100,"")
... M42: =IF(N(D42)>0,E42/D42*100,"")

Sheet Antes x Depois
A1: Antes x Depois (calculado da aba Semanas)
A3: Indicador | B3: Antes | C3: Depois | D3: Diferença | E3: Variação | F3: Melhor quando | G3: Melhorou?
A4: Semanas registradas | B4: =COUNTIFS(Semanas!$B$2:$B$42,"Antes") -> 0 | C4: =COUNTIFS(Semanas!$B$2:$B$42,"Depois") -> 0 | D4: =IF(AND(ISNUMBER(B4),ISNUMBER(C4)),C4-B4,"") -> 0 | E4: =IF(AND(ISNUMBER(B4),ISNUMBER(C4)),IF(B4<>0,(C4-B4)/ABS(B4),""),"") | F4: — | G4: —
A5: Horas de câmera ligada | B5: =SUMIFS(Semanas!$D$2:$D$42,Semanas!$B$2:$B$42,"Antes") -> 0 | C5: =SUMIFS(Semanas!$D$2:$D$42,Semanas!$B$2:$B$42,"Depois") -> 0 | D5: =IF(AND(ISNUMBER(B5),ISNUMBER(C5)),C5-B5,"") -> 0 | E5: =IF(AND(ISNUMBER(B5),ISNUMBER(C5)),IF(B5<>0,(C5-B5)/ABS(B5),""),"") | F5: — | G5: —
A6: Ocorrências registradas | B6: =SUMIFS(Semanas!$E$2:$E$42,Semanas!$B$2:$B$42,"Antes") -> 0 | C6: =SUMIFS(Semanas!$E$2:$E$42,Semanas!$B$2:$B$42,"Depois") -> 0 | D6: =IF(AND(ISNUMBER(B6),ISNUMBER(C6)),C6-B6,"") -> 0 | E6: =IF(AND(ISNUMBER(B6),ISNUMBER(C6)),IF(B6<>0,(C6-B6)/ABS(B6),""),"") | F6: menor | G6: =IF(ISNUMBER(D6),IF(D6<0,"sim",IF(D6=0,"igual","não")),"") -> igual
A7: Ocorrências por 100 h de câmera | B7: =IF(SUMIFS(Semanas!$D$2:$D$42,Semanas!$B$2:$B$42,"Antes")>0,SUMIFS(Semanas!$E$2:$E$42,Semanas!$B$2:$B$42,"Antes")/SUMIFS(Semanas!$D$2:$D$42,Semanas!$B$2:$B$42,"Antes")*100,"") | C7: =IF(SUMIFS(Semanas!$D$2:$D$42,Semanas!$B$2:$B$42,"Depois")>0,SUMIFS(Semanas!$E$2:$E$42,Semanas!$B$2:$B$42,"Depois")/SUMIFS(Semanas!$D$2:$D$42,Semanas!$B$2:$B$42,"Depois")*100,"") | D7: =IF(AND(ISNUMBER(B7),ISNUMBER(C7)),C7-B7,"") | E7: =IF(AND(ISNUMBER(B7),ISNUMBER(C7)),IF(B7<>0,(C7-B7)/ABS(B7),""),"") | F7: menor | G7: =IF(ISNUMBER(D7),IF(D7<0,"sim",IF(D7=0,"igual","não")),"")
A8: Conformidade da máscara (média ponderada pelas horas) | B8: =IF(SUMIFS(Semanas!$D$2:$D$42,Semanas!$B$2:$B$42,"Antes")>0,SUMPRODUCT((Semanas!$B$2:$B$42="Antes")*Semanas!$H$2:$H$42*Semanas!$D$2:$D$42)/SUMIFS(Semanas!$D$2:$D$42,Semanas!$B$2:$B$42,"Antes"),"") | C8: =IF(SUMIFS(Semanas!$D$2:$D$42,Semanas!$B$2:$B$42,"Depois")>0,SUMPRODUCT((Semanas!$B$2:$B$42="Depois")*Semanas!$H$2:$H$42*Semanas!$D$2:$D$42)/SUMIFS(Semanas!$D$2:$D$42,Semanas!$B$2:$B$42,"Depois"),"") | D8: =IF(AND(ISNUMBER(B8),ISNUMBER(C8)),C8-B8,"") | E8: =IF(AND(ISNUMBER(B8),ISNUMBER(C8)),IF(B8<>0,(C8-B8)/ABS(B8),""),"") | F8: maior | G8: =IF(ISNUMBER(D8),IF(D8>0,"sim",IF(D8=0,"igual","não")),"")
A9: Indeterminado (média ponderada pelas horas) | B9: =IF(SUMIFS(Semanas!$D$2:$D$42,Semanas!$B$2:$B$42,"Antes")>0,SUMPRODUCT((Semanas!$B$2:$B$42="Antes")*Semanas!$I$2:$I$42*Semanas!$D$2:$D$42)/SUMIFS(Semanas!$D$2:$D$42,Semanas!$B$2:$B$42,"Antes"),"") | C9: =IF(SUMIFS(Semanas!$D$2:$D$42,Semanas!$B$2:$B$42,"Depois")>0,SUMPRODUCT((Semanas!$B$2:$B$42="Depois")*Semanas!$I$2:$I$42*Semanas!$D$2:$D$42)/SUMIFS(Semanas!$D$2:$D$42,Semanas!$B$2:$B$42,"Depois"),"") | D9: =IF(AND(ISNUMBER(B9),ISNUMBER(C9)),C9-B9,"") | E9: =IF(AND(ISNUMBER(B9),ISNUMBER(C9)),IF(B9<>0,(C9-B9)/ABS(B9),""),"") | F9: menor | G9: =IF(ISNUMBER(D9),IF(D9<0,"sim",IF(D9=0,"igual","não")),"")
A10: Ocorrências com arco aceso | B10: =SUMIFS(Semanas!$J$2:$J$42,Semanas!$B$2:$B$42,"Antes") -> 0 | C10: =SUMIFS(Semanas!$J$2:$J$42,Semanas!$B$2:$B$42,"Depois") -> 0 | D10: =IF(AND(ISNUMBER(B10),ISNUMBER(C10)),C10-B10,"") -> 0 | E10: =IF(AND(ISNUMBER(B10),ISNUMBER(C10)),IF(B10<>0,(C10-B10)/ABS(B10),""),"") | F10: menor | G10: =IF(ISNUMBER(D10),IF(D10<0,"sim",IF(D10=0,"igual","não")),"") -> igual
A11: Confirmadas | B11: =SUMIFS(Semanas!$F$2:$F$42,Semanas!$B$2:$B$42,"Antes") -> 0 | C11: =SUMIFS(Semanas!$F$2:$F$42,Semanas!$B$2:$B$42,"Depois") -> 0 | D11: =IF(AND(ISNUMBER(B11),ISNUMBER(C11)),C11-B11,"") -> 0 | E11: =IF(AND(ISNUMBER(B11),ISNUMBER(C11)),IF(B11<>0,(C11-B11)/ABS(B11),""),"") | F11: — | G11: —
A12: Falsos positivos | B12: =SUMIFS(Semanas!$G$2:$G$42,Semanas!$B$2:$B$42,"Antes") -> 0 | C12: =SUMIFS(Semanas!$G$2:$G$42,Semanas!$B$2:$B$42,"Depois") -> 0 | D12: =IF(AND(ISNUMBER(B12),ISNUMBER(C12)),C12-B12,"") -> 0 | E12: =IF(AND(ISNUMBER(B12),ISNUMBER(C12)),IF(B12<>0,(C12-B12)/ABS(B12),""),"") | F12: menor | G12: =IF(ISNUMBER(D12),IF(D12<0,"sim",IF(D12=0,"igual","não")),"") -> igual
A13: Acerto do sistema nas validadas | B13: =IF((SUMIFS(Semanas!$F$2:$F$42,Semanas!$B$2:$B$42,"Antes")+SUMIFS(Semanas!$G$2:$G$42,Semanas!$B$2:$B$42,"Antes"))>0,SUMIFS(Semanas!$F$2:$F$42,Semanas!$B$2:$B$42,"Antes")/(SUMIFS(Semanas!$F$2:$F$42,Semanas!$B$2:$B$42,"Antes")+SUMIFS(Semanas!$G$2:$G$42,Semanas!$B$2:$B$42,"Antes")),"") | C13: =IF((SUMIFS(Semanas!$F$2:$F$42,Semanas!$B$2:$B$42,"Depois")+SUMIFS(Semanas!$G$2:$G$42,Semanas!$B$2:$B$42,"Depois"))>0,SUMIFS(Semanas!$F$2:$F$42,Semanas!$B$2:$B$42,"Depois")/(SUMIFS(Semanas!$F$2:$F$42,Semanas!$B$2:$B$42,"Depois")+SUMIFS(Semanas!$G$2:$G$42,Semanas!$B$2:$B$42,"Depois")),"") | D13: =IF(AND(ISNUMBER(B13),ISNUMBER(C13)),C13-B13,"") | E13: =IF(AND(ISNUMBER(B13),ISNUMBER(C13)),IF(B13<>0,(C13-B13)/ABS(B13),""),"") | F13: maior | G13: =IF(ISNUMBER(D13),IF(D13>0,"sim",IF(D13=0,"igual","não")),"")
A14: Sem máscara na observação manual | B14: =IF(SUMIFS(Semanas!$K$2:$K$42,Semanas!$B$2:$B$42,"Antes")>0,SUMIFS(Semanas!$L$2:$L$42,Semanas!$B$2:$B$42,"Antes")/SUMIFS(Semanas!$K$2:$K$42,Semanas!$B$2:$B$42,"Antes"),"") | C14: =IF(SUMIFS(Semanas!$K$2:$K$42,Semanas!$B$2:$B$42,"Depois")>0,SUMIFS(Semanas!$L$2:$L$42,Semanas!$B$2:$B$42,"Depois")/SUMIFS(Semanas!$K$2:$K$42,Semanas!$B$2:$B$42,"Depois"),"") | D14: =IF(AND(ISNUMBER(B14),ISNUMBER(C14)),C14-B14,"") | E14: =IF(AND(ISNUMBER(B14),ISNUMBER(C14)),IF(B14<>0,(C14-B14)/ABS(B14),""),"") | F14: menor | G14: =IF(ISNUMBER(D14),IF(D14<0,"sim",IF(D14=0,"igual","não")),"")
A16: Variação = (Depois − Antes) ÷ Antes. As taxas (por 100 h, %) são as mais justas para comparar períodos de tamanhos diferentes.
A17: Cuidado ao concluir: poucas semanas e mudanças no setor (turnos, pessoas, produção) também mudam os números.

Sheet Modelo (Fase 1)
A1: Resultados REAIS da validação do modelo de máscara (não editar)
A2: Fonte: docs/relatorio_validacao_fase1.md (seções 1, 4.1, 4.2 e 4.3) e docs/resultados_testes_campo.md.
A4: Métrica | B4: Meta mínima | C4: v3 | D4: v4 | E4: v5 (em uso)
A5: mAP@0.5 da máscara (conjunto de teste) | B5: 0.6 | C5: — | D5: — | E5: 0.945
A6: Recall da ausência nos testes de campo (9 de 11) | B6: 0.7 | C6: 0.81818182 | D6: 0.81818182 | E6: 0.81818182
A7: Falsos positivos nas ocorrências (0 de 16) | B7: 0.3 | C7: — | D7: — | E7: 0
A8: Alarmes falsos nos testes sem falta (0 de 12) | B8: — | C8: 0 | D8: 0 | E8: 0
A9: Verde na máscara abaixada (média dos trechos) | B9: — | C9: 0.14 | D9: 0.26 | E9: 0.19
A10: Verde falso em quem está sem máscara (média) | B10: — | C10: 0.009 | D10: 0.073 | E10: 0.013
A11: FPS em CPU (imgsz 640, Ryzen 5 5600) | B11: 5 | C11: — | D11: — | E11: 12.5
A13: Recall: intervalo de confiança de 95% de 52% a 95% (amostra pequena). Falsos positivos: limite superior de 19%.
A14: "—" = não registrado no relatório para essa versão.
