Workbook

Sheet Instruções
A1: Planilha de testes de campo – Verificador de EPIs de Solda (Fase 1, máscara de solda)
A3: COMO USAR
A4: 1. Grave os vídeos seguindo a aba Cenários (roteiro completo em docs/roteiro_testes_campo.md). Salve-os em testes_campo/.
A5: 2. Na aba Testes, preencha uma linha por vídeo (ou por trecho de vídeo) nas colunas AMARELAS. A coluna situacao_real é a mais importante: é o que REALMENTE acontece no trecho.
A6: 3. Feche esta planilha no Excel e rode: python ferramentas/avaliar_testes.py
A7: O script processa cada linha nova e preenche as colunas CINZAS e a aba Ocorrências.
A8: 4. Abra a planilha de novo. Na aba Ocorrências, confira cada ocorrência no vídeo e, se a classificação automática estiver errada, escreva VP ou FP na coluna revisao_manual.
A9: 5. A aba Métricas mostra o resultado contra as METAS DE VALIDAÇÃO. Ela vai para o relatório da Etapa 1.6.
A11: CORES
A12: Amarelo = você preenche. Cinza = o script preenche. Branco com fórmula = calculado (não editar).
A13: A linha T01 é um EXEMPLO real (vídeo da webcam de 12/10/2026). Pode mantê-la ou apagá-la.
A15: REGRAS DO SISTEMA (config.yaml)
... A21: Grave só pessoas que autorizaram. Os vídeos ficam em testes_campo/ (fora do git). No relatório, use números e imagens com rostos borrados.

Sheet Cenários
A1: ID | B1: descricao | C1: situacao_real | D1: angulo | E1: distancia_m | F1: arco | G1: fumos | H1: esperado | I1: recurso_necessario | J1: prioridade | K1: testes_feitos
A2: C01 | B2: Sem máscara, de frente para a câmera | C2: sem_mascara | D2: frente | E2: 2 | F2: apagado | G2: nao | H2: =IF(C2="","",IF(C2="misto","revisão manual",IF(OR(C2="pausa_curta",C2="mascara_abaixada",D2="costas"),"sem ocorrência","ocorrência"))) | I2: webcam/celular | J2: alta | K2: =COUNTIF(Testes!$E$2:$E$500,A2)
A3: C02 | B3: Sem máscara, de perfil | C3: sem_mascara | D3: perfil | E3: 2 | F3: apagado | G3: nao | H3: =IF(C3="","",IF(C3="misto","revisão manual",IF(OR(C3="pausa_curta",C3="mascara_abaixada",D3="costas"),"sem ocorrência","ocorrência"))) | I3: webcam/celular | J3: alta | K3: =COUNTIF(Testes!$E$2:$E$500,A3)
A4: C03 | B4: Sem máscara, de costas (o sistema deve ficar AMARELO, sem ocorrência) | C4: sem_mascara | D4: costas | E4: 2 | F4: apagado | G4: nao | H4: =IF(C4="","",IF(C4="misto","revisão manual",IF(OR(C4="pausa_curta",C4="mascara_abaixada",D4="costas"),"sem ocorrência","ocorrência"))) | I4: webcam/celular | J4: média | K4: =COUNTIF(Testes!$E$2:$E$500,A4)
A5: C04 | B5: Sem máscara, de frente, mais longe | C5: sem_mascara | D5: frente | E5: 4 | F5: apagado | G5: nao | H5: =IF(C5="","",IF(C5="misto","revisão manual",IF(OR(C5="pausa_curta",C5="mascara_abaixada",D5="costas"),"sem ocorrência","ocorrência"))) | I5: celular | J5: alta | K5: =COUNTIF(Testes!$E$2:$E$500,A5)
A6: C05 | B6: Sem máscara, de frente, longe | C6: sem_mascara | D6: frente | E6: 6 | F6: apagado | G6: nao | H6: =IF(C6="","",IF(C6="misto","revisão manual",IF(OR(C6="pausa_curta",C6="mascara_abaixada",D6="costas"),"sem ocorrência","ocorrência"))) | I6: celular | J6: média | K6: =COUNTIF(Testes!$E$2:$E$500,A6)
A7: C06 | B7: Sem máscara, mexendo a cabeça (cima, baixo, lados, perfil) | C7: sem_mascara | D7: varia | E7: 1 | F7: apagado | G7: nao | H7: =IF(C7="","",IF(C7="misto","revisão manual",IF(OR(C7="pausa_curta",C7="mascara_abaixada",D7="costas"),"sem ocorrência","ocorrência"))) | I7: webcam | J7: alta | K7: =COUNTIF(Testes!$E$2:$E$500,A7)
A8: C07 | B8: Sem máscara com luz forte de lado ou contraluz | C8: sem_mascara | D8: perfil | E8: 2 | F8: apagado | G8: nao | H8: =IF(C8="","",IF(C8="misto","revisão manual",IF(OR(C8="pausa_curta",C8="mascara_abaixada",D8="costas"),"sem ocorrência","ocorrência"))) | I8: webcam/celular | J8: média | K8: =COUNTIF(Testes!$E$2:$E$500,A8)
A9: C08 | B9: Sem máscara de solda, mas de boné ou capacete de segurança | C9: sem_mascara | D9: frente | E9: 2 | F9: apagado | G9: nao | H9: =IF(C9="","",IF(C9="misto","revisão manual",IF(OR(C9="pausa_curta",C9="mascara_abaixada",D9="costas"),"sem ocorrência","ocorrência"))) | I9: webcam/celular | J9: média | K9: =COUNTIF(Testes!$E$2:$E$500,A9)
A10: C09 | B10: Pessoa passa sem máscara por menos de 4 s | C10: pausa_curta | D10: frente | E10: 2 | F10: apagado | G10: nao | H10: =IF(C10="","",IF(C10="misto","revisão manual",IF(OR(C10="pausa_curta",C10="mascara_abaixada",D10="costas"),"sem ocorrência","ocorrência"))) | I10: webcam/celular | J10: média | K10: =COUNTIF(Testes!$E$2:$E$500,A10)
A11: C10 | B11: Máscara abaixada, de frente | C11: mascara_abaixada | D11: frente | E11: 2 | F11: apagado | G11: nao | H11: =IF(C11="","",IF(C11="misto","revisão manual",IF(OR(C11="pausa_curta",C11="mascara_abaixada",D11="costas"),"sem ocorrência","ocorrência"))) | I11: máscara de solda | J11: alta | K11: =COUNTIF(Testes!$E$2:$E$500,A11)
A12: C11 | B12: Máscara abaixada, de perfil | C12: mascara_abaixada | D12: perfil | E12: 2 | F12: apagado | G12: nao | H12: =IF(C12="","",IF(C12="misto","revisão manual",IF(OR(C12="pausa_curta",C12="mascara_abaixada",D12="costas"),"sem ocorrência","ocorrência"))) | I12: máscara de solda | J12: alta | K12: =COUNTIF(Testes!$E$2:$E$500,A12)
A13: C12 | B13: Máscara abaixada, de costas | C13: mascara_abaixada | D13: costas | E13: 2 | F13: apagado | G13: nao | H13: =IF(C13="","",IF(C13="misto","revisão manual",IF(OR(C13="pausa_curta",C13="mascara_abaixada",D13="costas"),"sem ocorrência","ocorrência"))) | I13: máscara de solda | J13: média | K13: =COUNTIF(Testes!$E$2:$E$500,A13)
... A20: C19 | B20: Duas pessoas: uma com máscara e outra sem | C20: misto | D20: frente | E20: 2 | F20: apagado | G20: nao | H20: =IF(C20="","",IF(C20="misto","revisão manual",IF(OR(C20="pausa_curta",C20="mascara_abaixada",D20="costas"),"sem ocorrência","ocorrência"))) | I20: máscara de solda + 2 pessoas | J20: média | K20: =COUNTIF(Testes!$E$2:$E$500,A20)

Sheet Testes
A1: ID | B1: arquivo | C1: inicio_s | D1: fim_s | E1: cenario | F1: situacao_real | G1: angulo | H1: distancia_m | I1: arco | J1: fumos | K1: pessoas | L1: origem | M1: observacoes | N1: esperado | O1: frames | P1: fps | Q1: pct_conforme | R1: pct_nao_conforme | S1: pct_indeterminado | T1: ignorados_arco | U1: ocorrencias | V1: resultado | W1: avaliado_em
A2: T01 | B2: testes_campo/teste_sem_mascara.mp4 | E2: C06 | F2: sem_mascara | G2: varia | H2: 1 | I2: apagado | J2: nao | K2: 1 | L2: webcam | M2: Exemplo: teste real da webcam (modelo v3) | N2: =IF(F2="","",IF(F2="misto","revisão manual",IF(OR(F2="pausa_curta",F2="mascara_abaixada",G2="costas"),"sem ocorrência","ocorrência"))) | O2: 1440 | P2: 14.9 | Q2: 0.005 | R2: 0.908 | S2: 0.087 | T2: 0 | U2: 1 | V2: =IF(OR(N2="",N2="revisão manual",U2=""),"",IF(OR(AND(U2>0,N2="ocorrência"),AND(U2=0,N2="sem ocorrência")),"OK","FALHA")) | W2: 13/10/2026 08:52
N3: =IF(F3="","",IF(F3="misto","revisão manual",IF(OR(F3="pausa_curta",F3="mascara_abaixada",G3="costas"),"sem ocorrência","ocorrência"))) | V3: =IF(OR(N3="",N3="revisão manual",U3=""),"",IF(OR(AND(U3>0,N3="ocorrência"),AND(U3=0,N3="sem ocorrência")),"OK","FALHA"))
N4: =IF(F4="","",IF(F4="misto","revisão manual",IF(OR(F4="pausa_curta",F4="mascara_abaixada",G4="costas"),"sem ocorrência","ocorrência"))) | V4: =IF(OR(N4="",N4="revisão manual",U4=""),"",IF(OR(AND(U4>0,N4="ocorrência"),AND(U4=0,N4="sem ocorrência")),"OK","FALHA"))
N5: =IF(F5="","",IF(F5="misto","revisão manual",IF(OR(F5="pausa_curta",F5="mascara_abaixada",G5="costas"),"sem ocorrência","ocorrência"))) | V5: =IF(OR(N5="",N5="revisão manual",U5=""),"",IF(OR(AND(U5>0,N5="ocorrência"),AND(U5=0,N5="sem ocorrência")),"OK","FALHA"))
N6: =IF(F6="","",IF(F6="misto","revisão manual",IF(OR(F6="pausa_curta",F6="mascara_abaixada",G6="costas"),"sem ocorrência","ocorrência"))) | V6: =IF(OR(N6="",N6="revisão manual",U6=""),"",IF(OR(AND(U6>0,N6="ocorrência"),AND(U6=0,N6="sem ocorrência")),"OK","FALHA"))
N7: =IF(F7="","",IF(F7="misto","revisão manual",IF(OR(F7="pausa_curta",F7="mascara_abaixada",G7="costas"),"sem ocorrência","ocorrência"))) | V7: =IF(OR(N7="",N7="revisão manual",U7=""),"",IF(OR(AND(U7>0,N7="ocorrência"),AND(U7=0,N7="sem ocorrência")),"OK","FALHA"))
N8: =IF(F8="","",IF(F8="misto","revisão manual",IF(OR(F8="pausa_curta",F8="mascara_abaixada",G8="costas"),"sem ocorrência","ocorrência"))) | V8: =IF(OR(N8="",N8="revisão manual",U8=""),"",IF(OR(AND(U8>0,N8="ocorrência"),AND(U8=0,N8="sem ocorrência")),"OK","FALHA"))
N9: =IF(F9="","",IF(F9="misto","revisão manual",IF(OR(F9="pausa_curta",F9="mascara_abaixada",G9="costas"),"sem ocorrência","ocorrência"))) | V9: =IF(OR(N9="",N9="revisão manual",U9=""),"",IF(OR(AND(U9>0,N9="ocorrência"),AND(U9=0,N9="sem ocorrência")),"OK","FALHA"))
N10: =IF(F10="","",IF(F10="misto","revisão manual",IF(OR(F10="pausa_curta",F10="mascara_abaixada",G10="costas"),"sem ocorrência","ocorrência"))) | V10: =IF(OR(N10="",N10="revisão manual",U10=""),"",IF(OR(AND(U10>0,N10="ocorrência"),AND(U10=0,N10="sem ocorrência")),"OK","FALHA"))
N11: =IF(F11="","",IF(F11="misto","revisão manual",IF(OR(F11="pausa_curta",F11="mascara_abaixada",G11="costas"),"sem ocorrência","ocorrência"))) | V11: =IF(OR(N11="",N11="revisão manual",U11=""),"",IF(OR(AND(U11>0,N11="ocorrência"),AND(U11=0,N11="sem ocorrência")),"OK","FALHA"))
N12: =IF(F12="","",IF(F12="misto","revisão manual",IF(OR(F12="pausa_curta",F12="mascara_abaixada",G12="costas"),"sem ocorrência","ocorrência"))) | V12: =IF(OR(N12="",N12="revisão manual",U12=""),"",IF(OR(AND(U12>0,N12="ocorrência"),AND(U12=0,N12="sem ocorrência")),"OK","FALHA"))
N13: =IF(F13="","",IF(F13="misto","revisão manual",IF(OR(F13="pausa_curta",F13="mascara_abaixada",G13="costas"),"sem ocorrência","ocorrência"))) | V13: =IF(OR(N13="",N13="revisão manual",U13=""),"",IF(OR(AND(U13>0,N13="ocorrência"),AND(U13=0,N13="sem ocorrência")),"OK","FALHA"))
N14: =IF(F14="","",IF(F14="misto","revisão manual",IF(OR(F14="pausa_curta",F14="mascara_abaixada",G14="costas"),"sem ocorrência","ocorrência"))) | V14: =IF(OR(N14="",N14="revisão manual",U14=""),"",IF(OR(AND(U14>0,N14="ocorrência"),AND(U14=0,N14="sem ocorrência")),"OK","FALHA"))
... N500: =IF(F500="","",IF(F500="misto","revisão manual",IF(OR(F500="pausa_curta",F500="mascara_abaixada",G500="costas"),"sem ocorrência","ocorrência"))) | V500: =IF(OR(N500="",N500="revisão manual",U500=""),"",IF(OR(AND(U500>0,N500="ocorrência"),AND(U500=0,N500="sem ocorrência")),"OK","FALHA"))

Sheet Ocorrências
A1: ID_teste | B1: arquivo | C1: tempo_video | D1: pessoa | E1: situacao_detectada | F1: esperado_no_teste | G1: classificacao_automatica | H1: revisao_manual | I1: classificacao_final
A2: T01 | B2: testes_campo/teste_sem_mascara.mp4 | C2: 00:00:03.8 | D2: 1 | E2: mascara: rosto visível sem máscara | F2: =IF(A2="","",IFERROR(INDEX(Testes!$N$2:$N$500,MATCH(A2,Testes!$A$2:$A$500,0)),"")) | G2: =IF(F2="ocorrência","VP",IF(F2="sem ocorrência","FP","")) | I2: =IF(H2<>"",H2,G2)
F3: =IF(A3="","",IFERROR(INDEX(Testes!$N$2:$N$500,MATCH(A3,Testes!$A$2:$A$500,0)),"")) | G3: =IF(F3="ocorrência","VP",IF(F3="sem ocorrência","FP","")) | I3: =IF(H3<>"",H3,G3)
F4: =IF(A4="","",IFERROR(INDEX(Testes!$N$2:$N$500,MATCH(A4,Testes!$A$2:$A$500,0)),"")) | G4: =IF(F4="ocorrência","VP",IF(F4="sem ocorrência","FP","")) | I4: =IF(H4<>"",H4,G4)
F5: =IF(A5="","",IFERROR(INDEX(Testes!$N$2:$N$500,MATCH(A5,Testes!$A$2:$A$500,0)),"")) | G5: =IF(F5="ocorrência","VP",IF(F5="sem ocorrência","FP","")) | I5: =IF(H5<>"",H5,G5)
F6: =IF(A6="","",IFERROR(INDEX(Testes!$N$2:$N$500,MATCH(A6,Testes!$A$2:$A$500,0)),"")) | G6: =IF(F6="ocorrência","VP",IF(F6="sem ocorrência","FP","")) | I6: =IF(H6<>"",H6,G6)
F7: =IF(A7="","",IFERROR(INDEX(Testes!$N$2:$N$500,MATCH(A7,Testes!$A$2:$A$500,0)),"")) | G7: =IF(F7="ocorrência","VP",IF(F7="sem ocorrência","FP","")) | I7: =IF(H7<>"",H7,G7)
F8: =IF(A8="","",IFERROR(INDEX(Testes!$N$2:$N$500,MATCH(A8,Testes!$A$2:$A$500,0)),"")) | G8: =IF(F8="ocorrência","VP",IF(F8="sem ocorrência","FP","")) | I8: =IF(H8<>"",H8,G8)
F9: =IF(A9="","",IFERROR(INDEX(Testes!$N$2:$N$500,MATCH(A9,Testes!$A$2:$A$500,0)),"")) | G9: =IF(F9="ocorrência","VP",IF(F9="sem ocorrência","FP","")) | I9: =IF(H9<>"",H9,G9)
F10: =IF(A10="","",IFERROR(INDEX(Testes!$N$2:$N$500,MATCH(A10,Testes!$A$2:$A$500,0)),"")) | G10: =IF(F10="ocorrência","VP",IF(F10="sem ocorrência","FP","")) | I10: =IF(H10<>"",H10,G10)
F11: =IF(A11="","",IFERROR(INDEX(Testes!$N$2:$N$500,MATCH(A11,Testes!$A$2:$A$500,0)),"")) | G11: =IF(F11="ocorrência","VP",IF(F11="sem ocorrência","FP","")) | I11: =IF(H11<>"",H11,G11)
F12: =IF(A12="","",IFERROR(INDEX(Testes!$N$2:$N$500,MATCH(A12,Testes!$A$2:$A$500,0)),"")) | G12: =IF(F12="ocorrência","VP",IF(F12="sem ocorrência","FP","")) | I12: =IF(H12<>"",H12,G12)
F13: =IF(A13="","",IFERROR(INDEX(Testes!$N$2:$N$500,MATCH(A13,Testes!$A$2:$A$500,0)),"")) | G13: =IF(F13="ocorrência","VP",IF(F13="sem ocorrência","FP","")) | I13: =IF(H13<>"",H13,G13)
F14: =IF(A14="","",IFERROR(INDEX(Testes!$N$2:$N$500,MATCH(A14,Testes!$A$2:$A$500,0)),"")) | G14: =IF(F14="ocorrência","VP",IF(F14="sem ocorrência","FP","")) | I14: =IF(H14<>"",H14,G14)
... F2000: =IF(A2000="","",IFERROR(INDEX(Testes!$N$2:$N$500,MATCH(A2000,Testes!$A$2:$A$500,0)),"")) | G2000: =IF(F2000="ocorrência","VP",IF(F2000="sem ocorrência","FP","")) | I2000: =IF(H2000<>"",H2000,G2000)

Sheet Fontes
A1: arquivo | B1: origem | C1: link | D1: licenca | E1: autorizacao_das_pessoas | F1: uso | G1: observacoes
A2: testes_campo/teste_sem_mascara.mp4 | B2: webcam | D2: próprio | E2: sim (o próprio autor) | F2: teste | G2: Exemplo

Sheet Métricas
A1: Métricas dos testes de campo – comparação com as METAS DE VALIDAÇÃO
A3: Métrica | B3: Valor | C3: Meta | D3: Situação | E3: Como é calculada
A4: Testes avaliados (com resultado OK ou FALHA) | B4: =COUNTIF(Testes!$V$2:$V$500,"OK")+COUNTIF(Testes!$V$2:$V$500,"FALHA") | E4: Linhas da aba Testes já processadas pelo script (sem contar 'misto').
A5: Recall da ausência de máscara (testes em que devia haver ocorrência e houve) | B5: =IFERROR(COUNTIFS(Testes!$N$2:$N$500,"ocorrência",Testes!$V$2:$V$500,"OK")/COUNTIFS(Testes!$N$2:$N$500,"ocorrência",Testes!$U$2:$U$500,"<>"),"") | C5: 0.7 | D5: =IF(B5="","sem dados",IF(B5>=C5,"atingida","abaixo da meta")) | E5: Testes 'ocorrência' com resultado OK ÷ testes 'ocorrência' avaliados.
A6: Falsos positivos (ocorrências classificadas como FP) | B6: =IFERROR(COUNTIF('Ocorrências'!$I$2:$I$2000,"FP")/(COUNTIF('Ocorrências'!$I$2:$I$2000,"FP")+COUNTIF('Ocorrências'!$I$2:$I$2000,"VP")),"") | C6: 0.3 | D6: =IF(B6="","sem dados",IF(B6<=C6,"atingida","abaixo da meta")) | E6: FP ÷ (VP + FP) na aba Ocorrências (classificação final: revisão manual ou automática).
A7: Testes sem ocorrência esperada que tiveram alarme falso | B7: =IFERROR(COUNTIFS(Testes!$N$2:$N$500,"sem ocorrência",Testes!$V$2:$V$500,"FALHA")/COUNTIFS(Testes!$N$2:$N$500,"sem ocorrência",Testes!$U$2:$U$500,"<>"),"") | E7: Testes 'sem ocorrência' com FALHA ÷ testes 'sem ocorrência' avaliados (informativo).
A8: FPS mínimo (processamento completo, imgsz 640) | B8: =IF(COUNT(Testes!$P$2:$P$500)=0,"",MIN(Testes!$P$2:$P$500)) | C8: 5 | D8: =IF(B8="","sem dados",IF(B8>=C8,"atingida","abaixo da meta")) | E8: Menor FPS entre os testes (RNF01).
A9: FPS médio | B9: =IF(COUNT(Testes!$P$2:$P$500)=0,"",AVERAGE(Testes!$P$2:$P$500)) | E9: Média dos testes.
A10: % frames NÃO CONFORME nos testes em que devia haver ocorrência | B10: =IFERROR(AVERAGEIFS(Testes!$R$2:$R$500,Testes!$N$2:$N$500,"ocorrência",Testes!$U$2:$U$500,"<>"),"") | E10: Média de pct_nao_conforme (quanto do tempo a falta foi reconhecida).
A11: % frames CONFORME ("OK" falso) nos testes em que devia haver ocorrência | B11: =IFERROR(AVERAGEIFS(Testes!$Q$2:$Q$500,Testes!$N$2:$N$500,"ocorrência",Testes!$U$2:$U$500,"<>"),"") | E11: Média de pct_conforme nos testes sem máscara / máscara levantada.
A12: % frames CONFORME nos testes com máscara abaixada | B12: =IFERROR(AVERAGEIFS(Testes!$Q$2:$Q$500,Testes!$F$2:$F$500,"mascara_abaixada",Testes!$U$2:$U$500,"<>"),"") | E12: Quanto do tempo a máscara correta foi reconhecida.
A13: Frames ignorados pelo arco (total) | B13: =SUM(Testes!$T$2:$T$500) | E13: Soma da coluna ignorados_arco.
A14: Metas: prompt do projeto (METAS DE VALIDAÇÃO, métricas práticas dos testes de campo).
A16: Por condição (recall = testes 'ocorrência' com OK ÷ testes 'ocorrência' avaliados)
A17: Condição | B17: Testes avaliados | C17: Recall | D17: Alarmes falsos
A18: distância até 2 m | B18: =COUNTIFS(Testes!$H$2:$H$500,"<=2",Testes!$U$2:$U$500,"<>") | C18: =IFERROR(COUNTIFS(Testes!$H$2:$H$500,"<=2",Testes!$N$2:$N$500,"ocorrência",Testes!$V$2:$V$500,"OK")/COUNTIFS(Testes!$H$2:$H$500,"<=2",Testes!$N$2:$N$500,"ocorrência",Testes!$U$2:$U$500,"<>"),"") | D18: =COUNTIFS(Testes!$H$2:$H$500,"<=2",Testes!$N$2:$N$500,"sem ocorrência",Testes!$V$2:$V$500,"FALHA")
A19: distância de 2 a 4 m | B19: =COUNTIFS(Testes!$H$2:$H$500,">2",Testes!$H$2:$H$500,"<=4",Testes!$U$2:$U$500,"<>") | C19: =IFERROR(COUNTIFS(Testes!$H$2:$H$500,">2",Testes!$H$2:$H$500,"<=4",Testes!$N$2:$N$500,"ocorrência",Testes!$V$2:$V$500,"OK")/COUNTIFS(Testes!$H$2:$H$500,">2",Testes!$H$2:$H$500,"<=4",Testes!$N$2:$N$500,"ocorrência",Testes!$U$2:$U$500,"<>"),"") | D19: =COUNTIFS(Testes!$H$2:$H$500,">2",Testes!$H$2:$H$500,"<=4",Testes!$N$2:$N$500,"sem ocorrência",Testes!$V$2:$V$500,"FALHA")
A20: distância acima de 4 m | B20: =COUNTIFS(Testes!$H$2:$H$500,">4",Testes!$U$2:$U$500,"<>") | C20: =IFERROR(COUNTIFS(Testes!$H$2:$H$500,">4",Testes!$N$2:$N$500,"ocorrência",Testes!$V$2:$V$500,"OK")/COUNTIFS(Testes!$H$2:$H$500,">4",Testes!$N$2:$N$500,"ocorrência",Testes!$U$2:$U$500,"<>"),"") | D20: =COUNTIFS(Testes!$H$2:$H$500,">4",Testes!$N$2:$N$500,"sem ocorrência",Testes!$V$2:$V$500,"FALHA")
A21: ângulo: frente | B21: =COUNTIFS(Testes!$G$2:$G$500,"frente",Testes!$U$2:$U$500,"<>") | C21: =IFERROR(COUNTIFS(Testes!$G$2:$G$500,"frente",Testes!$N$2:$N$500,"ocorrência",Testes!$V$2:$V$500,"OK")/COUNTIFS(Testes!$G$2:$G$500,"frente",Testes!$N$2:$N$500,"ocorrência",Testes!$U$2:$U$500,"<>"),"") | D21: =COUNTIFS(Testes!$G$2:$G$500,"frente",Testes!$N$2:$N$500,"sem ocorrência",Testes!$V$2:$V$500,"FALHA")
A22: ângulo: perfil | B22: =COUNTIFS(Testes!$G$2:$G$500,"perfil",Testes!$U$2:$U$500,"<>") | C22: =IFERROR(COUNTIFS(Testes!$G$2:$G$500,"perfil",Testes!$N$2:$N$500,"ocorrência",Testes!$V$2:$V$500,"OK")/COUNTIFS(Testes!$G$2:$G$500,"perfil",Testes!$N$2:$N$500,"ocorrência",Testes!$U$2:$U$500,"<>"),"") | D22: =COUNTIFS(Testes!$G$2:$G$500,"perfil",Testes!$N$2:$N$500,"sem ocorrência",Testes!$V$2:$V$500,"FALHA")
A23: ângulo: costas | B23: =COUNTIFS(Testes!$G$2:$G$500,"costas",Testes!$U$2:$U$500,"<>") | C23: =IFERROR(COUNTIFS(Testes!$G$2:$G$500,"costas",Testes!$N$2:$N$500,"ocorrência",Testes!$V$2:$V$500,"OK")/COUNTIFS(Testes!$G$2:$G$500,"costas",Testes!$N$2:$N$500,"ocorrência",Testes!$U$2:$U$500,"<>"),"") | D23: =COUNTIFS(Testes!$G$2:$G$500,"costas",Testes!$N$2:$N$500,"sem ocorrência",Testes!$V$2:$V$500,"FALHA")
A24: ângulo: varia | B24: =COUNTIFS(Testes!$G$2:$G$500,"varia",Testes!$U$2:$U$500,"<>") | C24: =IFERROR(COUNTIFS(Testes!$G$2:$G$500,"varia",Testes!$N$2:$N$500,"ocorrência",Testes!$V$2:$V$500,"OK")/COUNTIFS(Testes!$G$2:$G$500,"varia",Testes!$N$2:$N$500,"ocorrência",Testes!$U$2:$U$500,"<>"),"") | D24: =COUNTIFS(Testes!$G$2:$G$500,"varia",Testes!$N$2:$N$500,"sem ocorrência",Testes!$V$2:$V$500,"FALHA")
A25: arco apagado | B25: =COUNTIFS(Testes!$I$2:$I$500,"apagado",Testes!$U$2:$U$500,"<>") | C25: =IFERROR(COUNTIFS(Testes!$I$2:$I$500,"apagado",Testes!$N$2:$N$500,"ocorrência",Testes!$V$2:$V$500,"OK")/COUNTIFS(Testes!$I$2:$I$500,"apagado",Testes!$N$2:$N$500,"ocorrência",Testes!$U$2:$U$500,"<>"),"") | D25: =COUNTIFS(Testes!$I$2:$I$500,"apagado",Testes!$N$2:$N$500,"sem ocorrência",Testes!$V$2:$V$500,"FALHA")
A26: arco aceso | B26: =COUNTIFS(Testes!$I$2:$I$500,"aceso",Testes!$U$2:$U$500,"<>") | C26: =IFERROR(COUNTIFS(Testes!$I$2:$I$500,"aceso",Testes!$N$2:$N$500,"ocorrência",Testes!$V$2:$V$500,"OK")/COUNTIFS(Testes!$I$2:$I$500,"aceso",Testes!$N$2:$N$500,"ocorrência",Testes!$U$2:$U$500,"<>"),"") | D26: =COUNTIFS(Testes!$I$2:$I$500,"aceso",Testes!$N$2:$N$500,"sem ocorrência",Testes!$V$2:$V$500,"FALHA")
